"Date","Facebook","Pinterest","Twitter","YouTube","LinkedIn","Google+","Tumblr","Instagram","reddit","StumbleUpon","Other"
2017-01,95.19,3.01,1.25,0.03,0.19,0.09,0.15,0.04,0.02,0.01,0.02
2017-02,96.12,2.41,0.93,0.03,0.16,0.1,0.1,0.1,0.01,0.01,0.01
2017-03,96.51,2.22,0.9,0.03,0.14,0.06,0.06,0.05,0.01,0.01,0.01
2017-04,96.3,2.28,1.04,0.06,0.11,0.09,0.04,0.04,0.01,0.01,0.01
2017-05,97.39,1.08,1.08,0.2,0.04,0.1,0.04,0.03,0.02,0.02,0.01
2017-06,95.65,2.12,1.39,0.46,0.14,0.12,0.03,0.04,0.01,0.02,0.01
2017-07,94.65,2.66,1.72,0.62,0.09,0.12,0.03,0.07,0.02,0.01,0.01
2017-08,93.43,3.5,1.6,0.93,0.28,0.11,0.05,0.05,0.03,0.01,0.01
2017-09,92.11,5.46,1.36,0.68,0.12,0.1,0.06,0.04,0.04,0.02,0.02
2017-10,94.35,4.14,0.83,0.45,0.05,0.06,0.02,0.03,0.04,0.01,0.02
2017-11,92.67,4.83,1.11,0.99,0.21,0.06,0.02,0.05,0.03,0.02,0.02
2017-12,93.92,3.64,1.03,1.14,0.11,0.05,0.03,0.03,0.02,0.01,0.01
