"Date","Facebook","Pinterest","Twitter","YouTube","Instagram","LinkedIn","Tumblr","reddit","VKontakte","Google+","Other"
2019-01,91.66,3.63,2.65,1.37,0.49,0.04,0.04,0.02,0.03,0.05,0.01
2019-02,91.22,3.77,2.73,1.56,0.59,0.02,0.01,0.02,0.01,0.05,0
2019-03,93.03,3.52,1.52,1.04,0.81,0.02,0.01,0.01,0.01,0.02,0
2019-04,92.4,4.23,1.46,1.14,0.72,0.01,0.01,0.01,0.01,0,0
2019-05,93.67,3.65,1.26,0.93,0.44,0.01,0.02,0.01,0.01,0,0
2019-06,91.97,4.45,1.92,1.16,0.41,0.02,0.03,0.03,0.01,0,0
2019-07,92.65,3.74,1.93,1.01,0.63,0.02,0.01,0.01,0.01,0,0
2019-08,92.73,3.62,1.67,0.91,1.01,0.01,0.02,0.01,0.01,0,0
2019-09,92.5,4.25,1.37,1.05,0.77,0.02,0.02,0,0.02,0,0
2019-10,89.48,5.21,2.26,1.3,1.7,0.02,0.01,0.01,0.02,0,0
2019-11,86.37,7.76,2.19,1.38,2.25,0.02,0.01,0.01,0.01,0,0
2019-12,66.14,20.44,5.44,3.41,4.44,0.06,0.03,0.03,0.02,0,0
